Destination.Country,odaeligible,year
"Korea, Democratic People's Republic of",ODA-eligible,
Sudan,ODA-eligible,
Angola,ODA-eligible,
South Sudan,ODA-eligible,
Bosnia and Herzegovina,ODA-eligible,
Ethiopia,ODA-eligible,
Syrian Arab Republic,ODA-eligible,
Mali,ODA-eligible,
Liberia,ODA-eligible,
Mauritania,ODA-eligible,
Iraq,ODA-eligible,
Djibouti,ODA-eligible,
Zimbabwe,ODA-eligible,
occupied Palestinian territory,ODA-eligible,
Niger,ODA-eligible,
Kenya,ODA-eligible,
Eritrea,ODA-eligible,
Burkina Faso,ODA-eligible,
Mozambique,ODA-eligible,
Haiti,ODA-eligible,
Pakistan,ODA-eligible,
Chad,ODA-eligible,
Lebanon,ODA-eligible,
Turkey,ODA-eligible,
Jordan,ODA-eligible,
Yemen,ODA-eligible,
China,ODA-eligible,
Serbia and Montenegro (until 2006-2009),ODA-eligible,
Sierra Leone,ODA-eligible,
Somalia,ODA-eligible,
Afghanistan,ODA-eligible,
Central African Republic,ODA-eligible,
Sri Lanka,ODA-eligible,
Cuba,ODA-eligible,
"Congo, The Democratic Republic of the",ODA-eligible,
Bangladesh,ODA-eligible,
Guinea,ODA-eligible,
Philippines,ODA-eligible,
Lao People's Democratic Republic,ODA-eligible,
Myanmar,ODA-eligible,
Ukraine,ODA-eligible,
CÃ´te d'Ivoire,ODA-eligible,
South Africa,ODA-eligible,
Guatemala,ODA-eligible,
"Bolivia, Plurinational State of",ODA-eligible,
Lesotho,ODA-eligible,
Malawi,ODA-eligible,
Burundi,ODA-eligible,
Colombia,ODA-eligible,
Gambia,ODA-eligible,
Senegal,ODA-eligible,
Nigeria,ODA-eligible,
Cameroon,ODA-eligible,
Uganda,ODA-eligible,
"Moldova, Republic of",ODA-eligible,
Madagascar,ODA-eligible,
Dominican Republic,ODA-eligible,
Tajikistan,ODA-eligible,
India,ODA-eligible,
Uzbekistan,ODA-eligible,
"North Macedonia, Republic of",ODA-eligible,
Nepal,ODA-eligible,
Georgia,ODA-eligible,
Togo,ODA-eligible,
Libya,ODA-eligible,
Tunisia,ODA-eligible,
Honduras,ODA-eligible,
"Tanzania, United Republic of",ODA-eligible,
Egypt,ODA-eligible,
Eswatini,ODA-eligible,
Morocco,ODA-eligible,
Zambia,ODA-eligible,
Palau,ODA-eligible,
Samoa,ODA-eligible,
Congo,ODA-eligible,
Benin,ODA-eligible,
Indonesia,ODA-eligible,
Malaysia,ODA-eligible,
Fiji,ODA-eligible,
Rwanda,ODA-eligible,
Namibia,ODA-eligible,
Mauritius,ODA-eligible,
Guinea-Bissau,ODA-eligible,
Ghana,ODA-eligible,
Cape Verde,ODA-eligible,
Viet Nam,ODA-eligible,
Thailand,ODA-eligible,
Chile,ODA-eligible,
Serbia,ODA-eligible,
Peru,ODA-eligible,
Paraguay,ODA-eligible,
Comoros,ODA-eligible,
Gabon,ODA-eligible,
Oman,Non-ODA eligible,
Mongolia,ODA-eligible,
Kyrgyzstan,ODA-eligible,
Albania,ODA-eligible,
Argentina,ODA-eligible,
Jamaica,ODA-eligible,
Nicaragua,ODA-eligible,
Russian Federation,Non-ODA eligible,
Panama,ODA-eligible,
United States,Non-ODA eligible,
Cambodia,ODA-eligible,
"Iran, Islamic Republic of",ODA-eligible,
El Salvador,ODA-eligible,
Czech Republic,Non-ODA eligible,
Armenia,ODA-eligible,
Algeria,ODA-eligible,
Kazakhstan,ODA-eligible,
Maldives,ODA-eligible,
Papua New Guinea,ODA-eligible,
Bhutan,ODA-eligible,
Solomon Islands,ODA-eligible,
Israel,Non-ODA eligible,
Equatorial Guinea,ODA-eligible,
Bulgaria,Non-ODA eligible,
Belarus,ODA-eligible,
Cyprus,Non-ODA eligible,
Timor-Leste,ODA-eligible,
Brazil,ODA-eligible,
Costa Rica,ODA-eligible,
Mexico,ODA-eligible,
Romania,Non-ODA eligible,
Croatia,Non-ODA eligible,
Mozambique | Malawi | Zambia | Zimbabwe | Lesotho | South Africa | Eswatini,ODA-eligible,
Ecuador,ODA-eligible,
Cook Islands,ODA-eligible,
"Venezuela, Bolivarian Republic of",ODA-eligible,
Dominica,ODA-eligible,
Azerbaijan,ODA-eligible,
Marshall Islands,ODA-eligible,
"Korea, Republic of",Non-ODA eligible,
Germany,Non-ODA eligible,
Slovakia,Non-ODA eligible,
Tonga,ODA-eligible,
Austria,Non-ODA eligible,
Turkey | Egypt | Jordan | Lebanon | Iraq | Syrian Arab Republic,ODA-eligible,
Syrian Arab Republic | Egypt | Turkey | Jordan | Lebanon | Iraq,ODA-eligible,
Saint Lucia,ODA-eligible,
Saint Vincent and the Grenadines,ODA-eligible,
Seychelles,ODA-eligible,
Antigua and Barbuda,ODA-eligible,
Spain,Non-ODA eligible,
Singapore,Non-ODA eligible,
Kuwait,Non-ODA eligible,
Iraq | Syrian Arab Republic | Turkey | Egypt | Jordan | Lebanon,ODA-eligible,
Iraq | Turkey | Egypt | Jordan | Lebanon | Syrian Arab Republic,ODA-eligible,
Slovenia,Non-ODA eligible,
Vanuatu,ODA-eligible,
Guam,Non-ODA eligible,
Australia,Non-ODA eligible,
United Arab Emirates,Non-ODA eligible,
Hungary,Non-ODA eligible,
Tuvalu,ODA-eligible,
Honduras | Guatemala,ODA-eligible,
Barbados,Non-ODA eligible,
"Micronesia, Federated States of",ODA-eligible,
Kiribati,ODA-eligible,
Guatemala | Honduras,ODA-eligible,
Uruguay,ODA-eligible,
Western Sahara,ODA-eligible,
Italy,Non-ODA eligible,
New Caledonia,Non-ODA eligible,
New Zealand,Non-ODA eligible,
Greece,Non-ODA eligible,
Bahamas,Non-ODA eligible,
Switzerland,Non-ODA eligible,
"Taiwan, Province of China",Non-ODA eligible,
South Sudan | Kenya | Sudan | Ethiopia,ODA-eligible,
Japan,Non-ODA eligible,
Saudi Arabia,Non-ODA eligible,
Montenegro,ODA-eligible,
Jordan | Lebanon,ODA-eligible,
Canada,Non-ODA eligible,
Netherlands,Non-ODA eligible,
Belize,ODA-eligible,
Portugal,Non-ODA eligible,
Malta,Non-ODA eligible,
Denmark,Non-ODA eligible,
Belgium,Non-ODA eligible,
Turkey | Lebanon | Jordan | Iraq | Egypt,ODA-eligible,
Sweden,Non-ODA eligible,
Lebanon | Egypt | Turkey | Syrian Arab Republic | Iraq | Jordan,ODA-eligible,
Turkey | Lebanon | Jordan | Egypt | Iraq,ODA-eligible,
United Kingdom,Non-ODA eligible,
Cuba | Jamaica | Bahamas | Haiti,ODA-eligible,
Jordan | Iraq | Turkey | Egypt | Lebanon,ODA-eligible,
Lebanon | Jordan | Turkey | Egypt | Iraq,ODA-eligible,
Lebanon | Egypt | Turkey | Iraq | Jordan,ODA-eligible,
Egypt | Turkey | Jordan | Iraq | Lebanon,ODA-eligible,
Egypt | Iraq | Jordan | Lebanon | Turkey,ODA-eligible,
Jordan | Egypt | Turkey | Iraq | Lebanon,ODA-eligible,
Egypt | Turkey | Iraq | Jordan | Lebanon,ODA-eligible,
Egypt | Turkey | Iraq | Lebanon | Jordan,ODA-eligible,
Egypt | Iraq | Jordan | Lebanon | Syrian Arab Republic | Turkey,ODA-eligible,
Syrian Arab Republic | Lebanon | Jordan,ODA-eligible,
Qatar,Non-ODA eligible,
Jordan | Lebanon | Iraq | Syrian Arab Republic | Turkey | Egypt,ODA-eligible,
Egypt | Iraq | Jordan | Turkey | Lebanon,ODA-eligible,
West Bank | Gaza Strip | occupied Palestinian territory,ODA-eligible,
Iraq | Lebanon | Jordan | Turkey | Egypt,ODA-eligible,
Ireland,Non-ODA eligible,
Lebanon | Jordan | Iraq | Turkey | Egypt,ODA-eligible,
Iraq | Jordan | Turkey | Egypt | Lebanon,ODA-eligible,
Lebanon | Egypt | Turkey | Jordan | Iraq,ODA-eligible,
Lebanon | Jordan,ODA-eligible,
West Bank | occupied Palestinian territory | Gaza Strip,ODA-eligible,
Lebanon | Iraq | Turkey | Jordan | Egypt,ODA-eligible,
Jordan | Turkey | Lebanon,ODA-eligible,
Lebanon | Egypt | Iraq | Jordan | Turkey,ODA-eligible,
Lebanon | Turkey | Jordan | Iraq | Egypt,ODA-eligible,
Lebanon | Jordan | Iraq | Egypt | Turkey,ODA-eligible,
Saint BarthÃ©lemy (France) | Anguilla (United Kingdom) | Antigua and Barbuda,ODA-eligible,
South Sudan | Uganda | Ethiopia,ODA-eligible,
Niger | Nigeria,ODA-eligible,
Chad | Cameroon,ODA-eligible,
Sint Maarten (Dutch part),Non-ODA eligible,
Antigua and Barbuda | Bahamas | Sint Maarten (Dutch part),ODA-eligible,
Saint Martin (France),Non-ODA eligible,
Saint Kitts and Nevis,Non-ODA eligible,
Sint Maarten (Dutch part) | Bahamas | Antigua and Barbuda | Saint Kitts and Nevis,ODA-eligible,
"Virgin Islands, British | Saint Kitts and Nevis | Turks and Caicos Islands | Sint Maarten (Dutch part) | Saint Martin (France) | Bahamas | Antigua and Barbuda | Anguilla (United Kingdom) | Saint BarthÃ©lemy (France)",ODA-eligible,
"Anguilla (United Kingdom) | Antigua and Barbuda | Bahamas | Saint BarthÃ©lemy (France) | Saint Kitts and Nevis | Saint Martin (France) | Sint Maarten (Dutch part) | Turks and Caicos Islands | Virgin Islands, British",ODA-eligible,
Iraq | Sweden,ODA-eligible,
Saint Kitts and Nevis | Antigua and Barbuda,ODA-eligible,
Chad | Cameroon | Niger | Nigeria,ODA-eligible,
Uganda | Sweden,ODA-eligible,
Antigua and Barbuda | Saint Kitts and Nevis,ODA-eligible,
Sudan | Eritrea,ODA-eligible,
Botswana,ODA-eligible,
Jordan | Iraq | Syrian Arab Republic | Turkey | Egypt | Lebanon,ODA-eligible,
"Sint Maarten (Dutch part) | Saint Kitts and Nevis | Saint BarthÃ©lemy (France) | Virgin Islands, British | Turks and Caicos Islands | Anguilla (United Kingdom) | Bahamas | Antigua and Barbuda | Saint Martin (France)",ODA-eligible,
"Sint Maarten (Dutch part) | Saint Kitts and Nevis | Saint BarthÃ©lemy (France) | Virgin Islands, British | Turks and Caicos Islands | Anguilla (United Kingdom) | Bahamas | Saint Martin (France) | Antigua and Barbuda",ODA-eligible,
"Antigua and Barbuda | Saint Martin (France) | Bahamas | Anguilla (United Kingdom) | Turks and Caicos Islands | Virgin Islands, British | Saint BarthÃ©lemy (France) | Saint Kitts and Nevis | Sint Maarten (Dutch part)",ODA-eligible,
Uruguay | Costa Rica | Argentina | Trinidad and Tobago | Guyana | Peru | Ecuador | Chile | Paraguay | Brazil | Panama | Mexico | Colombia | Dominican Republic | CuraÃ§ao | Aruba,ODA-eligible,
Syrian Arab Republic | Lebanon | Jordan | Iraq,,
"Colombia | Ecuador | Brazil | Venezuela, Bolivarian Republic of",,
"Barbados | Turks and Caicos Islands | Saint Vincent and the Grenadines | Sint Maarten (Dutch part) | Saint Martin (France) | Saint Lucia | Saint Kitts and Nevis | Anguilla (United Kingdom) | Antigua and Barbuda | Bahamas | Bonaire, Saint Eustatius and Saba (The Netherlands) | Virgin Islands, British | Cuba | Dominica | Dominican Republic | Guadeloupe (France) | Haiti | Martinique (France) | Montserrat | Puerto Rico (United States) | Saint BarthÃ©lemy (France)",ODA-eligible,
Mali | Senegal | Gambia | Guinea | Guinea-Bissau,ODA-eligible,
occupied Palestinian territory | Gaza Strip | West Bank,ODA-eligible,
Chad | Cameroon | Nigeria | Niger,ODA-eligible,
Estonia,Non-ODA eligible,
Yemen | Somalia | South Sudan | Nigeria,ODA-eligible,
Somalia | South Sudan | Nigeria,ODA-eligible,
Nigeria | South Sudan | Somalia,ODA-eligible,
Jordan | Lebanon | Iraq | Turkey | Egypt,ODA-eligible,
"Anguilla (United Kingdom) | Antigua and Barbuda | Bahamas | Bonaire, Saint Eustatius and Saba (The Netherlands) | Virgin Islands, British | Cuba | Dominica | Dominican Republic | Guadeloupe (France) | Haiti | Martinique (France) | Montserrat | Puerto Rico (United States) | Saint BarthÃ©lemy (France) | Saint Kitts and Nevis | Saint Lucia | Saint Martin (France) | Sint Maarten (Dutch part) | Saint Vincent and the Grenadines | Turks and Caicos Islands | Barbados",ODA-eligible,
"Barbados | Turks and Caicos Islands | Saint Vincent and the Grenadines | Sint Maarten (Dutch part) | Saint Martin (France) | Saint Lucia | Saint Kitts and Nevis | Saint BarthÃ©lemy (France) | Puerto Rico (United States) | Montserrat | Martinique (France) | Haiti | Guadeloupe (France) | Dominican Republic | Dominica | Cuba | Virgin Islands, British | Bonaire, Saint Eustatius and Saba (The Netherlands) | Bahamas | Antigua and Barbuda | Anguilla (United Kingdom)",ODA-eligible,
Angola | Zambia,ODA-eligible,
Cuba | Dominica,ODA-eligible,
"Iran, Islamic Republic of | Uganda",ODA-eligible,
Morocco | Panama,ODA-eligible,
Uganda | Kenya,ODA-eligible,
Puerto Rico (United States),Non-ODA eligible,
Poland,Non-ODA eligible,
"Bonaire, Saint Eustatius and Saba (The Netherlands) | Bahamas | Antigua and Barbuda | Anguilla (United Kingdom) | Barbados | Turks and Caicos Islands | Saint Vincent and the Grenadines | Sint Maarten (Dutch part) | Saint Martin (France) | Saint Lucia | Saint Kitts and Nevis | Saint BarthÃ©lemy (France) | Puerto Rico (United States) | Montserrat | Martinique (France) | Haiti | Guadeloupe (France) | Dominican Republic | Dominica | Cuba | Virgin Islands, British",ODA-eligible,
Libya | Tunisia,ODA-eligible,
Kyrgyzstan | Tajikistan,ODA-eligible,
South Sudan | Italy,ODA-eligible,
"Congo, The Democratic Republic of the | Sweden",ODA-eligible,
Jordan | Lebanon | Turkey,ODA-eligible,
Chad | Sweden,ODA-eligible,
Turkey | Lebanon | Jordan,ODA-eligible,
Chile | Dominican Republic | Trinidad and Tobago | Argentina | Costa Rica | Mexico | Paraguay | Aruba | CuraÃ§ao | Panama | Brazil | Ecuador | Peru | Colombia | Guyana | Uruguay,ODA-eligible,
Trinidad and Tobago | Peru | Guyana | Ecuador | Colombia | Brazil,ODA-eligible,
Lesotho | Namibia | Eswatini | South Africa | Zambia | Zimbabwe,ODA-eligible,
Trinidad and Tobago,Non-ODA eligible,
Niue,ODA-eligible,
Lebanon | Jordan | Turkey | Iraq | Egypt | Syrian Arab Republic,ODA-eligible,
Anguilla (United Kingdom),Non-ODA eligible,
Lebanon | Turkey | Jordan,ODA-eligible,
Turkey | Jordan | Lebanon,ODA-eligible,
"Congo, The Democratic Republic of the | Rwanda",ODA-eligible,
Djibouti | Ethiopia | Yemen,ODA-eligible,
Guyana,ODA-eligible,
Chile | Dominican Republic | Trinidad and Tobago | Brazil | Ecuador | Peru | Colombia | Guyana | Uruguay | Aruba | CuraÃ§ao | Panama | Argentina | Costa Rica | Mexico | Paraguay,ODA-eligible,
Lebanon | Jordan | Turkey | Iraq | Egypt,ODA-eligible,
Zambia | Angola,ODA-eligible,
Iraq | Turkey | Egypt | Lebanon | Jordan,ODA-eligible,
Sweden | Iraq,ODA-eligible,
"Colombia | Brazil | Venezuela, Bolivarian Republic of",ODA-eligible,
"Colombia | Venezuela, Bolivarian Republic of | Ecuador",ODA-eligible,
Lebanon | Jordan | Turkey,ODA-eligible,
Jordan | Lebanon | Syrian Arab Republic,ODA-eligible,
Turkey | Jordan | Lebanon | Syrian Arab Republic,ODA-eligible,
Lebanon | Sudan | occupied Palestinian territory,ODA-eligible,
Guatemala | Mexico | Honduras,ODA-eligible,
Uruguay | Peru | Panama | Guyana | Paraguay | Dominican Republic | CuraÃ§ao | Costa Rica | Colombia | Chile | Brazil | Aruba | Argentina | Trinidad and Tobago | Mexico | Ecuador,ODA-eligible,
Paraguay | Ecuador | Uruguay | Mexico | Trinidad and Tobago | Peru | Panama | Guyana | Dominican Republic | CuraÃ§ao | Costa Rica | Colombia | Chile | Brazil | Aruba | Argentina,ODA-eligible,
Colombia | Mexico | Uruguay | Argentina | Costa Rica | Ecuador | Peru | Aruba | Chile | CuraÃ§ao | Brazil | Guyana | Trinidad and Tobago | Dominican Republic | Paraguay | Panama,ODA-eligible,
Falkland Islands (Malvinas),ODA-eligible,
CuraÃ§ao | Chile | Dominican Republic | Ecuador | Guyana | Mexico | Panama | Paraguay | Peru | Trinidad and Tobago | Uruguay | Argentina | Brazil | Colombia | Costa Rica | Aruba,ODA-eligible,
Panama | Paraguay | Uruguay | Peru | Mexico | Ecuador | Dominican Republic | CuraÃ§ao | Costa Rica | Colombia | Chile | Brazil | Aruba | Argentina | Trinidad and Tobago | Guyana,ODA-eligible,
Dominican Republic | Ecuador | Guyana | Mexico | Panama | Paraguay | Peru | Trinidad and Tobago | Uruguay | Aruba | CuraÃ§ao | Argentina | Brazil | Chile | Colombia | Costa Rica,ODA-eligible,
"Colombia | Venezuela, Bolivarian Republic of",ODA-eligible,
Aruba,Non-ODA eligible,
CuraÃ§ao,ODA-eligible,
Kenya | Ethiopia | Sudan,ODA-eligible,
Sweden | Afghanistan,ODA-eligible,
Jordan | Iraq | Turkey,ODA-eligible,
Egypt | Jordan | Turkey | Lebanon | Syrian Arab Republic | Iraq,ODA-eligible,
"Kenya | Uganda | Tanzania, United Republic of",ODA-eligible,
Chile | Ecuador | Peru | Aruba | CuraÃ§ao | Panama | Colombia | Guyana | Trinidad and Tobago | Brazil | Dominican Republic | Paraguay | Argentina | Costa Rica | Mexico | Uruguay,ODA-eligible,
Brazil | Dominican Republic | Paraguay | Argentina | Costa Rica | Mexico | Uruguay | Colombia | Guyana | Trinidad and Tobago | Aruba | Chile | CuraÃ§ao | Ecuador | Panama | Peru,ODA-eligible,
Uruguay | Trinidad and Tobago | Peru | Paraguay | Panama | Mexico | Guyana | Ecuador | Dominican Republic | CuraÃ§ao | Costa Rica | Colombia | Chile | Brazil | Aruba | Argentina,ODA-eligible,
Brazil | CuraÃ§ao | Mexico | Trinidad and Tobago | Argentina | Colombia | Ecuador | Paraguay | Aruba | Chile | Costa Rica | Dominican Republic | Guyana | Panama | Peru | Uruguay,ODA-eligible,
Mexico | Costa Rica | Argentina | Uruguay | Paraguay | Dominican Republic | Brazil | Trinidad and Tobago | Guyana | Colombia | Peru | Panama | Ecuador | CuraÃ§ao | Chile | Aruba,ODA-eligible,
"Congo, The Democratic Republic of the | Rwanda | Tanzania, United Republic of | Uganda",ODA-eligible,
Malawi | Mozambique | Zimbabwe,ODA-eligible,
Mozambique | Malawi | Zimbabwe,ODA-eligible,
Malawi | Zimbabwe | Mozambique,ODA-eligible,
Zimbabwe | Mozambique | Malawi,ODA-eligible,
Mozambique | Zimbabwe | Malawi,ODA-eligible,
Argentina | Costa Rica | Aruba | CuraÃ§ao | Brazil | Dominican Republic | Chile | Ecuador | Colombia | Guyana | Mexico | Panama | Paraguay | Peru | Trinidad and Tobago | Uruguay,ODA-eligible,
Brazil | Dominican Republic | Paraguay | Chile | Ecuador | Peru | Colombia | Guyana | Trinidad and Tobago | Argentina | Costa Rica | Mexico | Uruguay | Aruba | CuraÃ§ao | Panama,ODA-eligible,
Egypt | Jordan | Lebanon | Iraq | Syrian Arab Republic | Turkey,ODA-eligible,
Syrian Arab Republic | Turkey,ODA-eligible,
Paraguay | Uruguay | Chile | Argentina | Panama | Mexico | Costa Rica | Trinidad and Tobago | Guyana | Dominican Republic | CuraÃ§ao | Peru | Aruba | Ecuador | Colombia | Brazil,ODA-eligible,
Argentina | Aruba | Brazil | Chile | Colombia | Costa Rica | CuraÃ§ao | Dominican Republic | Ecuador | Guyana | Mexico | Panama | Paraguay | Peru | Trinidad and Tobago | Uruguay,ODA-eligible,
Argentina | Brazil | Colombia | CuraÃ§ao | Ecuador | Mexico | Paraguay | Trinidad and Tobago | Aruba | Chile | Costa Rica | Dominican Republic | Guyana | Panama | Peru | Uruguay,ODA-eligible,
Iraq | Jordan | Syrian Arab Republic | Turkey | Lebanon,ODA-eligible,
Brazil | Colombia | Ecuador | Peru | Aruba | CuraÃ§ao | Dominican Republic | Guyana | Trinidad and Tobago | Costa Rica | Mexico | Panama | Argentina | Chile | Uruguay | Paraguay,ODA-eligible,
Latvia,Non-ODA eligible,
Sweden | Mozambique,ODA-eligible,
Ecuador | Guyana | Argentina | Peru | Trinidad and Tobago | Chile | Aruba | Costa Rica | Uruguay | Brazil | CuraÃ§ao | Mexico | Paraguay | Colombia | Dominican Republic | Panama,ODA-eligible,
Panama | Dominican Republic | Mexico | CuraÃ§ao | Brazil | Aruba | Chile | Trinidad and Tobago | Guyana | Ecuador | Colombia | Uruguay | Peru | Paraguay | Costa Rica | Argentina,ODA-eligible,
Turkey | Egypt | Iraq | Jordan | Lebanon,ODA-eligible,
Burkina Faso | Mali | Chad | Central African Republic,ODA-eligible,
Syrian Arab Republic | Jordan | Lebanon | Iraq | Egypt | Turkey,ODA-eligible,
American Samoa,Non-ODA eligible,
Turkey | Lebanon | Iraq | Egypt | Jordan,ODA-eligible,
Kenya | Somalia,ODA-eligible,
Nicaragua | Guatemala,ODA-eligible,
"Colombia | Bolivia, Plurinational State of",ODA-eligible,
Chile | Trinidad and Tobago | Peru | Argentina | Guyana | Ecuador | Panama | Dominican Republic | Colombia | Paraguay | Mexico | CuraÃ§ao | Brazil | Uruguay | Costa Rica | Aruba,ODA-eligible,
Aruba | Costa Rica | Uruguay | Brazil | CuraÃ§ao | Mexico | Paraguay | Colombia | Dominican Republic | Panama | Ecuador | Guyana | Argentina | Peru | Trinidad and Tobago | Chile,ODA-eligible,
Brazil | Aruba | Costa Rica | Uruguay | Colombia | Dominican Republic | Panama | Ecuador | Guyana | Argentina | Peru | Trinidad and Tobago | Chile | CuraÃ§ao | Mexico | Paraguay,ODA-eligible,
Mozambique | Zimbabwe | Malawi | Comoros,ODA-eligible,
"Venezuela, Bolivarian Republic of | Colombia",ODA-eligible,
Vanuatu | Tonga | Fiji | Solomon Islands | Samoa,ODA-eligible,
Trinidad and Tobago | Peru | Ecuador | Colombia,ODA-eligible,
"Venezuela, Bolivarian Republic of | Colombia | Ecuador",ODA-eligible,
Ecuador | Peru | Colombia,ODA-eligible,
Turkey | Jordan | Lebanon | Iraq | Egypt,ODA-eligible,
Argentina | Aruba | Brazil | Colombia | Mexico | Costa Rica | Dominican Republic | Paraguay | Peru | Ecuador | Panama | Guyana,ODA-eligible,
Argentina | Aruba | Brazil | Colombia | Costa Rica | Dominican Republic | Ecuador | Guyana | Mexico | Panama | Paraguay | Peru,ODA-eligible,
Cook Islands | Fiji,ODA-eligible,
"Venezuela, Bolivarian Republic of | Brazil | Ecuador | Colombia",ODA-eligible,
Dominican Republic | Ecuador | Guyana | Mexico | Panama | Paraguay | Peru | Argentina | Trinidad and Tobago | Brazil | Uruguay | Chile | Aruba | Colombia | CuraÃ§ao | Costa Rica,ODA-eligible,
Costa Rica | Colombia | Chile | Brazil | Argentina | CuraÃ§ao | Aruba | Uruguay | Trinidad and Tobago | Peru | Paraguay | Panama | Mexico | Guyana | Ecuador | Dominican Republic,ODA-eligible,
Guyana | Mexico | Panama | Trinidad and Tobago | Uruguay | Aruba | Brazil | Chile | Colombia | Dominican Republic | Ecuador | Paraguay | Peru | CuraÃ§ao | Argentina | Costa Rica,ODA-eligible,
Paraguay | Uruguay | Trinidad and Tobago | Peru | Panama | Mexico | Guyana | Dominican Republic | Ecuador | CuraÃ§ao | Costa Rica | Colombia | Chile | Brazil | Aruba | Argentina,ODA-eligible,
Argentina | Aruba | Brazil | Chile | Colombia | Costa Rica | CuraÃ§ao | Ecuador | Dominican Republic | Guyana | Mexico | Panama | Peru | Trinidad and Tobago | Uruguay | Paraguay,ODA-eligible,
Lebanon | Jordan | Iraq,ODA-eligible,
Lebanon | Syrian Arab Republic,ODA-eligible,
Syrian Arab Republic | Lebanon | Jordan | occupied Palestinian territory,ODA-eligible,
Trinidad and Tobago | Guyana | Dominican Republic | CuraÃ§ao | Aruba,ODA-eligible,
Iraq | Lebanon,ODA-eligible,
Paraguay | Dominican Republic | Brazil | Uruguay | Mexico | Costa Rica | Argentina | Panama | CuraÃ§ao | Aruba | Peru | Ecuador | Chile | Trinidad and Tobago | Guyana | Colombia,ODA-eligible,
Brazil | CuraÃ§ao | Mexico | Trinidad and Tobago | Chile | Dominican Republic | Panama | Uruguay | Aruba | Costa Rica | Guyana | Peru | Argentina | Colombia | Ecuador | Paraguay,ODA-eligible,
Trinidad and Tobago | Guyana | Colombia | Peru | Ecuador | Chile | Panama | CuraÃ§ao | Aruba | Paraguay | Dominican Republic | Brazil | Uruguay | Mexico | Costa Rica | Argentina,ODA-eligible,
Uruguay | Peru | Panama | Guyana | Paraguay | Dominican Republic | CuraÃ§ao | Brazil | Ecuador | Costa Rica | Argentina | Colombia | Trinidad and Tobago | Chile | Mexico | Aruba,ODA-eligible,
Turkey | Syrian Arab Republic | Lebanon | Jordan,ODA-eligible,
Lebanon | Jordan | Iraq | Syrian Arab Republic,ODA-eligible,
Syrian Arab Republic | Iraq | Jordan | Lebanon,ODA-eligible,
Jordan | Lebanon | Iraq | Syrian Arab Republic,ODA-eligible,
Syrian Arab Republic | Iraq | Lebanon | Jordan,ODA-eligible,
Brazil | Colombia | Ecuador | Aruba | Peru | CuraÃ§ao | Dominican Republic | Guyana | Trinidad and Tobago | Costa Rica | Mexico | Panama | Argentina | Chile | Uruguay | Paraguay,ODA-eligible,
Turkey | Jordan | Iraq | Syrian Arab Republic | Egypt | Lebanon,ODA-eligible,
Comoros | Malawi | Zimbabwe | Mozambique,ODA-eligible,
Peru | Ecuador,ODA-eligible,
Argentina | Aruba | Brazil | Chile | Colombia | Costa Rica | CuraÃ§ao | Panama | Ecuador | Peru | Dominican Republic | Trinidad and Tobago | Guyana | Uruguay | Mexico | Paraguay,ODA-eligible,
Syrian Arab Republic | Lebanon,ODA-eligible,
Lebanon | Turkey | Jordan | Egypt,ODA-eligible,
Somalia | Kenya | Ethiopia,ODA-eligible,
"Ecuador | Colombia | Venezuela, Bolivarian Republic of",ODA-eligible,
Italy | occupied Palestinian territory,ODA-eligible,
"Bolivia, Plurinational State of | Argentina | Aruba | Brazil | Chile | Colombia | Costa Rica | CuraÃ§ao | Dominican Republic | Ecuador | Guyana | Mexico | Panama | Paraguay | Peru | Trinidad and Tobago | Uruguay",ODA-eligible,
"Uruguay | Trinidad and Tobago | Peru | Paraguay | Panama | Mexico | Guyana | Ecuador | Dominican Republic | CuraÃ§ao | Costa Rica | Colombia | Chile | Brazil | Aruba | Argentina | Bolivia, Plurinational State of",ODA-eligible,
"Uruguay | Trinidad and Tobago | Peru | Paraguay | Panama | Mexico | Guyana | Ecuador | Dominican Republic | CuraÃ§ao | Costa Rica | Colombia | Chile | Brazil | Bolivia, Plurinational State of | Aruba | Argentina",ODA-eligible,
"Yemen | Uganda | Tanzania, United Republic of | South Sudan | Somalia | Kenya | Ethiopia | Eritrea | Djibouti",ODA-eligible,
Ethiopia | Somalia | Kenya,ODA-eligible,
Eritrea | South Sudan | Djibouti | Uganda | Ethiopia | Somalia | Kenya,ODA-eligible,
Kenya | Somalia | Ethiopia | Uganda | South Sudan | Eritrea,ODA-eligible,
Ethiopia | Somalia | Kenya | Djibouti | South Sudan | Eritrea,ODA-eligible,
Eritrea | South Sudan | Djibouti | Ethiopia | Somalia | Kenya,ODA-eligible,
Uganda | Eritrea | South Sudan | Djibouti | Somalia | Ethiopia | Kenya,ODA-eligible,
Turkey | Syrian Arab Republic,ODA-eligible,
Grenada,ODA-eligible,
Cayman Islands,Non-ODA eligible,
Turkmenistan,ODA-eligible,
SÃ£o TomÃ© and PrÃ­ncipe,ODA-eligible,
Suriname,ODA-eligible,
Montserrat,ODA-eligible,
"Saint Helena, Ascension and Tristan da Cunha",ODA-eligible,
Norway,Non-ODA eligible,
Turks and Caicos Islands,Non-ODA eligible,
French Polynesia,Non-ODA eligible,
,,
Côte d'Ivoire,,
Iraq | Egypt | Turkey | Jordan | Lebanon,,
Saint Barthélemy (France) | Anguilla (United Kingdom) | Antigua and Barbuda,,
"Virgin Islands, British | Saint Kitts and Nevis | Turks and Caicos Islands | Sint Maarten (Dutch part) | Saint Martin (France) | Bahamas | Antigua and Barbuda | Anguilla (United Kingdom) | Saint Barthélemy (France)",,
"Anguilla (United Kingdom) | Antigua and Barbuda | Bahamas | Saint Barthélemy (France) | Saint Kitts and Nevis | Saint Martin (France) | Sint Maarten (Dutch part) | Turks and Caicos Islands | Virgin Islands, British",,
"Antigua and Barbuda | Saint Martin (France) | Bahamas | Anguilla (United Kingdom) | Turks and Caicos Islands | Virgin Islands, British | Saint Barthélemy (France) | Saint Kitts and Nevis | Sint Maarten (Dutch part)",,
"Sint Maarten (Dutch part) | Saint Kitts and Nevis | Saint Barthélemy (France) | Virgin Islands, British | Turks and Caicos Islands | Anguilla (United Kingdom) | Bahamas | Antigua and Barbuda | Saint Martin (France)",,
"Sint Maarten (Dutch part) | Saint Kitts and Nevis | Saint Barthélemy (France) | Virgin Islands, British | Turks and Caicos Islands | Anguilla (United Kingdom) | Bahamas | Saint Martin (France) | Antigua and Barbuda",,
"Barbados | Turks and Caicos Islands | Saint Vincent and the Grenadines | Sint Maarten (Dutch part) | Saint Martin (France) | Saint Lucia | Saint Kitts and Nevis | Anguilla (United Kingdom) | Antigua and Barbuda | Bahamas | Bonaire, Saint Eustatius and Saba (The Netherlands) | Virgin Islands, British | Cuba | Dominica | Dominican Republic | Guadeloupe (France) | Haiti | Martinique (France) | Montserrat | Puerto Rico (United States) | Saint Barthélemy (France)",,
"Barbados | Turks and Caicos Islands | Saint Vincent and the Grenadines | Sint Maarten (Dutch part) | Saint Martin (France) | Saint Lucia | Saint Kitts and Nevis | Saint Barthélemy (France) | Puerto Rico (United States) | Montserrat | Martinique (France) | Haiti | Guadeloupe (France) | Dominican Republic | Dominica | Cuba | Virgin Islands, British | Bonaire, Saint Eustatius and Saba (The Netherlands) | Bahamas | Antigua and Barbuda | Anguilla (United Kingdom)",,
"Anguilla (United Kingdom) | Antigua and Barbuda | Bahamas | Bonaire, Saint Eustatius and Saba (The Netherlands) | Virgin Islands, British | Cuba | Dominica | Dominican Republic | Guadeloupe (France) | Haiti | Martinique (France) | Montserrat | Puerto Rico (United States) | Saint Barthélemy (France) | Saint Kitts and Nevis | Saint Lucia | Saint Martin (France) | Sint Maarten (Dutch part) | Saint Vincent and the Grenadines | Turks and Caicos Islands | Barbados",,
"Uganda | Iran, Islamic Republic of",,
Panama | Morocco,,
"Bonaire, Saint Eustatius and Saba (The Netherlands) | Bahamas | Antigua and Barbuda | Anguilla (United Kingdom) | Barbados | Turks and Caicos Islands | Saint Vincent and the Grenadines | Sint Maarten (Dutch part) | Saint Martin (France) | Saint Lucia | Saint Kitts and Nevis | Saint Barthélemy (France) | Puerto Rico (United States) | Montserrat | Martinique (France) | Haiti | Guadeloupe (France) | Dominican Republic | Dominica | Cuba | Virgin Islands, British",,
Global,,
Nigeria | Chad,,
Chile | Dominican Republic | Trinidad and Tobago | Argentina | Costa Rica | Mexico | Paraguay | Aruba | Curaçao | Panama | Brazil | Ecuador | Peru | Colombia | Guyana | Uruguay,,
Chile | Dominican Republic | Trinidad and Tobago | Brazil | Ecuador | Peru | Colombia | Guyana | Uruguay | Aruba | Curaçao | Panama | Argentina | Costa Rica | Mexico | Paraguay,,
Jordan | Lebanon | Turkey | Egypt | Iraq,,
"Venezuela, Bolivarian Republic of | Brazil | Colombia",,
"Ecuador | Venezuela, Bolivarian Republic of | Colombia",,
Paraguay | Ecuador | Uruguay | Mexico | Trinidad and Tobago | Peru | Panama | Guyana | Dominican Republic | Curaçao | Costa Rica | Colombia | Chile | Brazil | Aruba | Argentina,,
Uruguay | Peru | Panama | Guyana | Paraguay | Dominican Republic | Curaçao | Costa Rica | Colombia | Chile | Brazil | Aruba | Argentina | Trinidad and Tobago | Mexico | Ecuador,,
Colombia | Mexico | Uruguay | Argentina | Costa Rica | Ecuador | Peru | Aruba | Chile | Curaçao | Brazil | Guyana | Trinidad and Tobago | Dominican Republic | Paraguay | Panama,,
Panama | Paraguay | Uruguay | Peru | Mexico | Ecuador | Dominican Republic | Curaçao | Costa Rica | Colombia | Chile | Brazil | Aruba | Argentina | Trinidad and Tobago | Guyana,,
Curaçao | Chile | Dominican Republic | Ecuador | Guyana | Mexico | Panama | Paraguay | Peru | Trinidad and Tobago | Uruguay | Argentina | Brazil | Colombia | Costa Rica | Aruba,,
Dominican Republic | Ecuador | Guyana | Mexico | Panama | Paraguay | Peru | Trinidad and Tobago | Uruguay | Aruba | Curaçao | Argentina | Brazil | Chile | Colombia | Costa Rica,,
Curaçao,,
Sudan | Ethiopia | Kenya,,
Lebanon | Turkey | Jordan | Iraq | Egypt | Syrian Arab Republic,,
Turkey | Iraq | Jordan,,
Mexico | Costa Rica | Argentina | Uruguay | Paraguay | Dominican Republic | Brazil | Trinidad and Tobago | Guyana | Colombia | Peru | Panama | Ecuador | Curaçao | Chile | Aruba,,
Uruguay | Trinidad and Tobago | Peru | Paraguay | Panama | Mexico | Guyana | Ecuador | Dominican Republic | Curaçao | Costa Rica | Colombia | Chile | Brazil | Aruba | Argentina,,
Uruguay | Costa Rica | Argentina | Trinidad and Tobago | Guyana | Peru | Ecuador | Chile | Paraguay | Brazil | Panama | Mexico | Colombia | Dominican Republic | Curaçao | Aruba,,
Brazil | Curaçao | Mexico | Trinidad and Tobago | Argentina | Colombia | Ecuador | Paraguay | Aruba | Chile | Costa Rica | Dominican Republic | Guyana | Panama | Peru | Uruguay,,
Brazil | Dominican Republic | Paraguay | Argentina | Costa Rica | Mexico | Uruguay | Colombia | Guyana | Trinidad and Tobago | Aruba | Chile | Curaçao | Ecuador | Panama | Peru,,
Chile | Ecuador | Peru | Aruba | Curaçao | Panama | Colombia | Guyana | Trinidad and Tobago | Brazil | Dominican Republic | Paraguay | Argentina | Costa Rica | Mexico | Uruguay,,
Argentina | Costa Rica | Aruba | Curaçao | Brazil | Dominican Republic | Chile | Ecuador | Colombia | Guyana | Mexico | Panama | Paraguay | Peru | Trinidad and Tobago | Uruguay,,
Brazil | Dominican Republic | Paraguay | Chile | Ecuador | Peru | Colombia | Guyana | Trinidad and Tobago | Argentina | Costa Rica | Mexico | Uruguay | Aruba | Curaçao | Panama,,
Paraguay | Uruguay | Chile | Argentina | Panama | Mexico | Costa Rica | Trinidad and Tobago | Guyana | Dominican Republic | Curaçao | Peru | Aruba | Ecuador | Colombia | Brazil,,
Argentina | Aruba | Brazil | Chile | Colombia | Costa Rica | Curaçao | Dominican Republic | Ecuador | Guyana | Mexico | Panama | Paraguay | Peru | Trinidad and Tobago | Uruguay,,
Argentina | Brazil | Colombia | Curaçao | Ecuador | Mexico | Paraguay | Trinidad and Tobago | Aruba | Chile | Costa Rica | Dominican Republic | Guyana | Panama | Peru | Uruguay,,
Brazil | Colombia | Ecuador | Peru | Aruba | Curaçao | Dominican Republic | Guyana | Trinidad and Tobago | Costa Rica | Mexico | Panama | Argentina | Chile | Uruguay | Paraguay,,
Panama | Dominican Republic | Mexico | Curaçao | Brazil | Aruba | Chile | Trinidad and Tobago | Guyana | Ecuador | Colombia | Uruguay | Peru | Paraguay | Costa Rica | Argentina,,
Ecuador | Guyana | Argentina | Peru | Trinidad and Tobago | Chile | Aruba | Costa Rica | Uruguay | Brazil | Curaçao | Mexico | Paraguay | Colombia | Dominican Republic | Panama,,
"Bolivia, Plurinational State of | Colombia",,
Aruba | Costa Rica | Uruguay | Brazil | Curaçao | Mexico | Paraguay | Colombia | Dominican Republic | Panama | Ecuador | Guyana | Argentina | Peru | Trinidad and Tobago | Chile,,
Chile | Trinidad and Tobago | Peru | Argentina | Guyana | Ecuador | Panama | Dominican Republic | Colombia | Paraguay | Mexico | Curaçao | Brazil | Uruguay | Costa Rica | Aruba,,
Brazil | Aruba | Costa Rica | Uruguay | Colombia | Dominican Republic | Panama | Ecuador | Guyana | Argentina | Peru | Trinidad and Tobago | Chile | Curaçao | Mexico | Paraguay,,
Colombia | Peru | Ecuador,,
Costa Rica | Colombia | Chile | Brazil | Argentina | Curaçao | Aruba | Uruguay | Trinidad and Tobago | Peru | Paraguay | Panama | Mexico | Guyana | Ecuador | Dominican Republic,,
Dominican Republic | Ecuador | Guyana | Mexico | Panama | Paraguay | Peru | Argentina | Trinidad and Tobago | Brazil | Uruguay | Chile | Aruba | Colombia | Curaçao | Costa Rica,,
Guyana | Mexico | Panama | Trinidad and Tobago | Uruguay | Aruba | Brazil | Chile | Colombia | Dominican Republic | Ecuador | Paraguay | Peru | Curaçao | Argentina | Costa Rica,,
Argentina | Aruba | Brazil | Chile | Colombia | Costa Rica | Curaçao | Ecuador | Dominican Republic | Guyana | Mexico | Panama | Peru | Trinidad and Tobago | Uruguay | Paraguay,,
Paraguay | Uruguay | Trinidad and Tobago | Peru | Panama | Mexico | Guyana | Dominican Republic | Ecuador | Curaçao | Costa Rica | Colombia | Chile | Brazil | Aruba | Argentina,,
Trinidad and Tobago | Guyana | Dominican Republic | Curaçao | Aruba,,
Lebanon | Iraq,,
Paraguay | Dominican Republic | Brazil | Uruguay | Mexico | Costa Rica | Argentina | Panama | Curaçao | Aruba | Peru | Ecuador | Chile | Trinidad and Tobago | Guyana | Colombia,,
Trinidad and Tobago | Guyana | Colombia | Peru | Ecuador | Chile | Panama | Curaçao | Aruba | Paraguay | Dominican Republic | Brazil | Uruguay | Mexico | Costa Rica | Argentina,,
Brazil | Curaçao | Mexico | Trinidad and Tobago | Chile | Dominican Republic | Panama | Uruguay | Aruba | Costa Rica | Guyana | Peru | Argentina | Colombia | Ecuador | Paraguay,,
Uruguay | Peru | Panama | Guyana | Paraguay | Dominican Republic | Curaçao | Brazil | Ecuador | Costa Rica | Argentina | Colombia | Trinidad and Tobago | Chile | Mexico | Aruba,,
Jordan | Syrian Arab Republic | Iraq | Lebanon,,
Syrian Arab Republic | Jordan | Lebanon | Iraq,,
Brazil | Colombia | Ecuador | Aruba | Peru | Curaçao | Dominican Republic | Guyana | Trinidad and Tobago | Costa Rica | Mexico | Panama | Argentina | Chile | Uruguay | Paraguay,,
Lebanon | Jordan | Egypt | Turkey | Syrian Arab Republic | Iraq,,
Lebanon | Egypt | Syrian Arab Republic | Iraq | Jordan | Turkey,,
"Sweden | Congo, The Democratic Republic of the",,
Argentina | Aruba | Brazil | Chile | Colombia | Costa Rica | Curaçao | Panama | Ecuador | Peru | Dominican Republic | Trinidad and Tobago | Guyana | Uruguay | Mexico | Paraguay,,
Ethiopia | Kenya | Somalia,,
Italy | Ethiopia,,
"Argentina | Aruba | Bolivia, Plurinational State of | Brazil | Chile | Colombia | Costa Rica | Curaçao | Dominican Republic | Ecuador | Guyana | Mexico | Panama | Paraguay | Peru | Trinidad and Tobago | Uruguay",,
Kenya | Uganda,,
"Rwanda | Tanzania, United Republic of | Uganda | Angola | Congo",,
"Uruguay | Trinidad and Tobago | Peru | Paraguay | Panama | Mexico | Guyana | Ecuador | Dominican Republic | Curaçao | Costa Rica | Colombia | Chile | Brazil | Aruba | Argentina | Bolivia, Plurinational State of",,
"Bolivia, Plurinational State of | Argentina | Aruba | Brazil | Chile | Colombia | Costa Rica | Curaçao | Dominican Republic | Ecuador | Guyana | Mexico | Panama | Paraguay | Peru | Trinidad and Tobago | Uruguay",,
Kenya | Somalia | Ethiopia,,
"Kenya | Yemen | Somalia | Djibouti | South Sudan | Eritrea | Tanzania, United Republic of | Ethiopia | Uganda",,
Kenya | Somalia | Ethiopia | Uganda | Djibouti | South Sudan | Eritrea,,
Kenya | Somalia | Ethiopia | Djibouti | South Sudan | Eritrea,,
Eritrea | South Sudan | Uganda | Ethiopia | Somalia | Kenya,,
Eritrea | South Sudan | Djibouti | Kenya | Somalia | Ethiopia,,
Samoa | Solomon Islands | Fiji | Tonga | Vanuatu,,
Somalia | Uganda | Kenya,,
"Tanzania, United Republic of | Rwanda",,
"Iran, Islamic Republic of | Afghanistan | Lebanon | Syrian Arab Republic | Iraq | Jordan",,
Kenya | Somalia | Djibouti,,
Mexico | Guatemala,,
Nicaragua | El Salvador | Guatemala | Honduras | Mexico,,
Niger | Mali | Burkina Faso,,
occupied Palestinian territory | Israel,,
Burkina Faso | Niger | Mali,,
"Ecuador | Peru | Brazil | Mexico | Colombia | Chile | Dominican Republic | Trinidad and Tobago | Panama | Costa Rica | Paraguay | Aruba | Curaçao | Guyana | Argentina | Uruguay | Bolivia, Plurinational State of",,
El Salvador | Nicaragua,,
Mexico | Guatemala | El Salvador | Honduras,,
"Bolivia, Plurinational State of | Uruguay | Argentina | Guyana | Brazil | Colombia | Curaçao | Aruba | Paraguay | Costa Rica | Panama | Trinidad and Tobago | Dominican Republic | Mexico | Chile | Peru | Ecuador",,
Guatemala | El Salvador | Honduras | Costa Rica | Mexico,,
Nicaragua | El Salvador,,
Peru | Ecuador | Colombia,,
Egypt | Turkey | Lebanon | Iraq | Jordan,,
"Bolivia, Plurinational State of | Paraguay | Uruguay | Trinidad and Tobago | Peru | Panama | Mexico | Guyana | Dominican Republic | Ecuador | Curaçao | Costa Rica | Colombia | Chile | Brazil | Aruba | Argentina",,
"Uruguay | Trinidad and Tobago | Peru | Paraguay | Panama | Mexico | Guyana | Ecuador | Dominican Republic | Curaçao | Costa Rica | Colombia | Chile | Brazil | Bolivia, Plurinational State of | Aruba | Argentina",,
Jordan | Lebanon | Syrian Arab Republic | occupied Palestinian territory,,
Lebanon | Syrian Arab Republic | Iraq | Jordan,,
São Tomé and Príncipe,,
South Sudan | Somalia | Central African Republic,,
"Kenya | Somalia | Ethiopia | South Sudan | Tanzania, United Republic of | Uganda | Eritrea | Djibouti | Yemen | Sudan",,
"Bolivia, Plurinational State of | Uruguay | Argentina | Guyana | Curaçao | Aruba | Paraguay | Costa Rica | Panama | Trinidad and Tobago | Dominican Republic | Chile | Colombia | Mexico | Brazil | Peru | Ecuador",,
"Dominican Republic | Argentina | Aruba | Bolivia, Plurinational State of | Brazil | Chile | Colombia | Costa Rica | Curaçao | Ecuador | Guyana | Mexico | Panama | Paraguay | Peru | Trinidad and Tobago | Uruguay",,
"Argentina | Aruba | Brazil | Chile | Colombia | Costa Rica | Curaçao | Ecuador | Dominican Republic | Guyana | Mexico | Panama | Peru | Trinidad and Tobago | Uruguay | Paraguay | Bolivia, Plurinational State of",,
"Uruguay | Trinidad and Tobago | Peru | Paraguay | Mexico | Guyana | Ecuador | Dominican Republic | Curaçao | Costa Rica | Colombia | Chile | Brazil | Bolivia, Plurinational State of | Aruba | Argentina | Panama",,
"Iran, Islamic Republic of | Pakistan",,
occupied Palestinian territory | Syrian Arab Republic | Lebanon | Jordan,,
"Tanzania, United Republic of | Djibouti | Kenya",,
Belize | Costa Rica | El Salvador | Nicaragua | Guatemala | Honduras | Mexico,,
Equatorial Guinea | Gabon | Cameroon,,
Egypt | Turkey | Jordan | Lebanon | Iraq,,
"Rwanda | Tanzania, United Republic of | Uganda",,
Uganda | Kenya | Ethiopia,,
"Uganda | Tanzania, United Republic of | Rwanda",,
"Uganda | Tanzania, United Republic of | Rwanda | Congo | Angola | Zambia",,
"Zambia | Angola | Congo | Rwanda | Tanzania, United Republic of | Uganda",,
Ethiopia | Kenya | Uganda,,
"Sudan | Yemen | Djibouti | Eritrea | Uganda | Tanzania, United Republic of | South Sudan | Ethiopia | Somalia | Kenya",,
"Nigeria | Sudan | Yemen | Djibouti | Eritrea | Uganda | Tanzania, United Republic of | South Sudan | Ethiopia | Somalia | Kenya",,
Palau | Fiji,,
"South Africa | Rwanda | Kenya | Ethiopia | Moldova, Republic of | Kyrgyzstan | occupied Palestinian territory | Lebanon | Iraq | Myanmar | Philippines | Indonesia | Bangladesh",,
Turkey | Egypt | Jordan | Lebanon | Iraq,,
"Uganda | Ethiopia | Tanzania, United Republic of | Eritrea | South Sudan | Djibouti | Somalia | Yemen | Kenya",,
Brazil | Colombia | Ecuador | Trinidad and Tobago,,
Ethiopia | Kenya | South Sudan | Uganda,,
"Indonesia | Philippines | Myanmar | Iraq | Lebanon | occupied Palestinian territory | Kyrgyzstan | Moldova, Republic of | Ethiopia | Kenya | Rwanda | South Africa",,
Mexico | Costa Rica,,
"Bolivia, Plurinational State of | Aruba | Costa Rica | Uruguay | Brazil | Curaçao | Mexico | Paraguay | Colombia | Dominican Republic | Panama | Ecuador | Guyana | Argentina | Peru | Trinidad and Tobago | Chile",,
"Bolivia, Plurinational State of | Uruguay | Argentina | Guyana | Curaçao | Aruba | Paraguay | Costa Rica | Panama | Trinidad and Tobago | Dominican Republic | Chile | Mexico | Colombia | Brazil | Peru | Ecuador",,
Costa Rica | Mexico,,
Uganda | Sudan | South Sudan,,
Chad | Nigeria,,
Nauru,,
Burkina Faso | Mali | Niger,,
Switzerland | Haiti,,
"Kenya | Sudan | Niger | Tanzania, United Republic of",,
"Sudan | South Sudan | Congo, The Democratic Republic of the",,
Niger | Burkina Faso,,
"Afghanistan | Burundi | Burkina Faso | Cameroon | Congo, The Democratic Republic of the | Central African Republic | Chad | Ethiopia | Haiti | Iraq | Libya | Mali | Myanmar | Niger | Nigeria | occupied Palestinian territory | Somalia | South Sudan | Sudan | Syrian Arab Republic | Ukraine | Venezuela, Bolivarian Republic of | Yemen | Korea, Democratic People's Republic of | Bangladesh | Rwanda | Uganda | Tanzania, United Republic of | Angola | Congo | Zambia | Kenya | Argentina | Aruba | Bolivia, Plurinational State of | Brazil | Chile | Colombia | Costa Rica | Curaçao | Dominican Republic | Ecuador | Guyana | Mexico | Panama | Peru | Trinidad and Tobago | Uruguay | Egypt | Jordan | Lebanon | Iran, Islamic Republic of | Djibouti | Turkey | Paraguay | Global",,
Kazakhstan | Kyrgyzstan | Uzbekistan | Nicaragua | Mexico | Cuba,,
"Ecuador | Brazil | Colombia | Mexico | Chile | Dominican Republic | Trinidad and Tobago | Panama | Costa Rica | Paraguay | Aruba | Curaçao | Guyana | Argentina | Uruguay | Bolivia, Plurinational State of | Peru",,
"Ecuador | Peru | Brazil | Colombia | Mexico | Chile | Dominican Republic | Trinidad and Tobago | Panama | Costa Rica | Paraguay | Aruba | Curaçao | Guyana | Argentina | Uruguay | Bolivia, Plurinational State of",,
Uganda | South Sudan | Kenya | Ethiopia,,
Samoa | Fiji,,
Fiji | Kiribati,,
"Uganda | South Sudan | Rwanda | Burundi | Congo, The Democratic Republic of the",,
Lebanon | Turkey,,
Switzerland | Jordan,,
Switzerland | Myanmar,,
Switzerland | Bangladesh,,
Switzerland | Syrian Arab Republic,,
Switzerland | Chad,,
Switzerland | Greece,,
Syrian Arab Republic | Jordan,,
"Kenya | Somalia | Ethiopia | South Sudan | Tanzania, United Republic of | Uganda | Eritrea | Djibouti | Yemen | Sudan | Nigeria",,
Kenya | Uganda | Somalia,,
"Rwanda | Tanzania, United Republic of",,
"Bosnia and Herzegovina | Azerbaijan | Armenia | Georgia | Albania | Moldova, Republic of | Serbia",,
Syrian Arab Republic | South Sudan,,
Burkina Faso | Chad | Niger,,
"Djibouti | Eritrea | Ethiopia | Kenya | Somalia | South Sudan | Tanzania, United Republic of | Uganda | Yemen",,
"Ecuador | Peru | Chile | Mexico | Dominican Republic | Trinidad and Tobago | Panama | Costa Rica | Paraguay | Aruba | Curaçao | Colombia | Brazil | Guyana | Argentina | Uruguay | Bolivia, Plurinational State of",,
Trinidad and Tobago | Ecuador | Colombia | Brazil,,
"Venezuela, Bolivarian Republic of | Peru | Colombia",,
Turkey | Lebanon,,
South Sudan | Sudan | Ethiopia | Uganda,,
Paraguay | Uruguay | Chile | Argentina | Panama | Mexico | Costa Rica | Trinidad and Tobago | Guyana | Dominican Republic | Curaçao | Aruba | Ecuador | Colombia | Brazil,,
Colombia | Brazil | Ecuador | Aruba | Peru | Curaçao | Dominican Republic | Guyana | Trinidad and Tobago | Costa Rica | Mexico | Panama | Argentina | Chile | Uruguay | Paraguay,,
San Marino,,
Colombia | Brazil,,
Kiribati | Cook Islands | Tuvalu,,
Tokelau | Cook Islands | Niue | Tonga | Samoa,,
Tuvalu | Kiribati,,
Vanuatu | Tonga | Fiji | Samoa | Solomon Islands,,
"Bolivia, Plurinational State of | Uruguay | Guyana | Curaçao | Argentina | Aruba | Paraguay | Costa Rica | Panama | Trinidad and Tobago | Dominican Republic | Chile | Mexico | Peru | Ecuador | Colombia | Brazil",,
Cook Islands | Samoa | Tonga,,
Tokelau,,
Lesotho | Namibia | Eswatini,,
"Brazil | Colombia | Ecuador | Peru | Mexico | Chile | Dominican Republic | Trinidad and Tobago | Panama | Costa Rica | Paraguay | Aruba | Argentina | Curaçao | Guyana | Uruguay | Bolivia, Plurinational State of",,
Kenya | Ethiopia | Somalia | Djibouti | South Sudan | Eritrea | Uganda,,
Mali | Niger,,
"Anguilla (United Kingdom) | Antigua and Barbuda | Bahamas | Bonaire, Saint Eustatius and Saba (The Netherlands) | Virgin Islands, British | Cuba | Dominica | Dominican Republic | Guadeloupe (France) | Haiti | Martinique (France) | Montserrat | Puerto Rico (United States) | Saint Kitts and Nevis | Saint Martin (France) | Saint Vincent and the Grenadines | Barbados | Saint Barthélemy (France) | Saint Lucia | Sint Maarten (Dutch part) | Turks and Caicos Islands",,
"Colombia | Mexico | Brazil | Peru | Ecuador | Bolivia, Plurinational State of | Uruguay | Argentina | Guyana | Curaçao | Aruba | Paraguay | Costa Rica | Panama | Trinidad and Tobago | Dominican Republic | Chile",,
"Peru | Bolivia, Plurinational State of | Uruguay | Argentina | Guyana | Curaçao | Aruba | Paraguay | Costa Rica | Panama | Trinidad and Tobago | Dominican Republic | Chile | Mexico | Colombia | Brazil | Ecuador",,
Nauru | Fiji,,
Peru | Colombia,,
Jordan | Iraq | Lebanon | Turkey | Egypt,,
"Bolivia, Plurinational State of | Uruguay | Argentina | Guyana | Curaçao | Aruba | Paraguay | Costa Rica | Panama | Trinidad and Tobago | Dominican Republic | Chile | Mexico | Peru | Ecuador | Colombia | Brazil",,
Turkey | Syrian Arab Republic | Iraq | Lebanon | Jordan | Egypt,,
Azerbaijan | Armenia,,
Egypt | Jordan | Lebanon | Iraq | Turkey | Syrian Arab Republic,,
Nicaragua | Honduras,,
Sweden | Cameroon,,
Zimbabwe | Zambia | Namibia | Botswana | Angola | South Africa,,
Mexico | Costa Rica | Honduras | El Salvador | Guatemala,,
Honduras | El Salvador | Guatemala | Mexico,,
Nicaragua | Honduras | Guatemala,,
Guatemala | Honduras | Nicaragua,,
Zimbabwe | Mozambique | Madagascar | Eswatini,,
"Uruguay | Trinidad and Tobago | Peru | Paraguay | Panama | Mexico | Guyana | Dominican Republic | Curaçao | Costa Rica | Colombia | Chile | Brazil | Bolivia, Plurinational State of | Aruba | Argentina | Ecuador",,
Zimbabwe | Madagascar,,
Jordan | occupied Palestinian territory | Lebanon,,
Armenia | Azerbaijan,,
Lebanon | occupied Palestinian territory | Jordan,,
Israel | occupied Palestinian territory,,